"","id","x","y","alpha","major","minor","area","frame","track","pred1","pred2","TPX","BPX","trayn","camera","rep","trial","position"
"1",1,322.000030517578,334,-45,5.65685367584229,4.24264049530029,18,20,NA,-711.000844319684,363.743589939215,280,286,1,1,2,1,1
"2",1,479.500030517578,283,45,6.3639612197876,4.94974708557129,22,20,NA,901.834991455067,354.447530675817,471,468,2,1,2,1,2
"3",1,681.5,289,-90,6,5,25,20,NA,431.846153846153,356.860759493671,682,669,3,1,2,1,3
"4",1,347.5,162,0,7,4,22,20,NA,7768.99999999934,177.273333333333,296,295,4,1,2,1,4
"5",1,420.5,123.5,90,5,3,10,20,NA,1959.87500000002,174.960784313725,467,471,5,1,2,1,5
"6",1,652.5,146.5,0,5,3,12,20,NA,-101.857142857129,177.821428571429,669,662,6,1,2,1,6
