"","Estimate","lCI","uCI","Std. Error","P-Value","Exp_Est","Exp_lCI","Exp_uCI"
"(Intercept)","3.72648806132141","3.59609576580402","3.86239976141731","0.0682401585292779","0","41.5329904204378","36.4556249368571","47.5793936701556"
"infected","0.484185536065311","0.304581781807489","0.662064699745407","0.0893244530304869","5.9423869302619e-08","1.62285271542915","1.35605775637425","1.93879122647741"
"TPC1","-0.238451092487877","-0.291119507956025","-0.185611568221445","0.0251766989614605","2.7690583342397e-21","0.787847218962325","0.747426349285167","0.830596162274756"
"TPC2","0.179562826709373","0.0942745217643449","0.266410951699841","0.0350272122822943","2.95364991520263e-07","1.19669408605729","1.09886136587559","1.30527135196491"
"Theta","1.32145806401951","-","-","0.0900596549771904","-","-","-","-"
"2xLog Likelihood","-4250.28712019729","-","-","-","-","-","-","-"
"AIC","4260.28712019729","-","-","-","-","-","-","-"
