"","id","x","y","alpha","major","minor","area","frame","track","pred1","pred2","TPX","BPX","trayn","camera","rep","trial","position"
"1",1,341.5,327,-90,6,3,12.5,20,NA,-905.214285714292,372.519480519481,283,290,1,1,2,2,1
"2",1,472,307,0,6,6,27,20,NA,511.000000000004,367.512658227848,471,468,2,1,2,2,2
"3",1,666.2353515625,361.558815002441,-75.963752746582,7.27606868743896,5.57831859588623,30.5,20,NA,275.305725097657,362.382533482143,683,667,3,1,2,2,3
"4",1,262.5,123,-90,8,5,31,20,NA,1826.50000000005,185.90625,284,286,4,1,2,2,4
"5",1,398.750030517578,192.75,-45,7.07106781005859,4.94974708557129,25.5,20,NA,-2316.4363479614,189.743376472928,467,463,5,1,2,2,5
"6",1,594.5,161.5,90,5,3,12.5,20,NA,-554.21428571428,180.311433447099,672,658,6,1,2,2,6
